5.739757692271978302e-03,6.020095713893853367e-03,5.739757693091832903e-03,6.020095714713707968e-03,1.310666661233265886e-03,1.354101941174020362e-03,1.311757975292835842e-03,1.351840213951466989e-03,3.117327239687992576e-03,3.314147720374686044e-03,5.816057884253987583e-09,5.838393680087822585e-09,0.000000000000000000e+00,0.000000000000000000e+00,8.198548842997447171e-13,8.198548842997447171e-13,2.621567687747760278e+00,2.707841801859360853e+00,2.622415927429378790e+00,2.706466652781601034e+00,2.623921588478066003e+00,2.703496866771947893e+00,1.245585727691650391e+01,1.000000000000000000e+00
2.239507661333098643e+00,2.684584569650916741e+00,2.239507661333994815e+00,2.684584569651812913e+00,9.999377796025179174e-09,1.147811783510455897e-08,9.723279304104703912e-04,1.075914446465243111e-03,2.238535322921681558e+00,2.683508643184601805e+00,4.816287593660747088e-10,5.417318448636257294e-10,0.000000000000000000e+00,0.000000000000000000e+00,8.959935493255181518e-13,8.959935493255181518e-13,2.841400899295683583e-02,3.805052172368250663e-02,4.603848334483259253e-01,5.700166729696086731e-01,1.949307976789315111e+00,2.194023806997747794e+00,4.463332915306091309e+01,1.100000000000000000e+01
2.334703470356089383e+00,2.680510846951773107e+00,2.334703470356985999e+00,2.680510846952669723e+00,4.213101748009798895e-09,4.094727460555567008e-09,9.327920234395826278e-04,1.070719928328832133e-03,2.333770673627241887e+00,2.679440122402895863e+00,4.923061730253889244e-10,5.258211673688829082e-10,0.000000000000000000e+00,0.000000000000000000e+00,8.965269732434830682e-13,8.965269732434830682e-13,2.967356510336528752e-02,3.780937144384623194e-02,4.659467754773363168e-01,5.652276015203140380e-01,1.879833135966843871e+00,2.181609569554173511e+00,7.885761880874633789e+01,2.100000000000000000e+01
2.061165492161682433e+00,2.558767847691466368e+00,2.061165492162578605e+00,2.558767847692362540e+00,4.774183908561145789e-09,5.829774258817818878e-09,7.577376202765827816e-04,1.017385844911630668e-03,2.060407749285187329e+00,2.557750455522481037e+00,4.820345329970754912e-10,4.942994011898396034e-10,0.000000000000000000e+00,0.000000000000000000e+00,8.959556040356613697e-13,8.959556040356613697e-13,2.417515758370067380e-02,3.392385762996724674e-02,3.699791570881934000e-01,5.170373970866219970e-01,1.510511340036644778e+00,2.058624390715840580e+00,1.123272767066955566e+02,3.100000000000000000e+01
2.410641137036672710e+00,2.250230700582001031e+00,2.410641137037566661e+00,2.250230700582894983e+00,1.792639236294488782e-09,1.800400045619867852e-09,8.521148626074575303e-04,8.854830306601929775e-04,2.409789019987273129e+00,2.249345215332716919e+00,3.941526875632475295e-10,4.182237885917492618e-10,0.000000000000000000e+00,0.000000000000000000e+00,8.939939371063596316e-13,8.939939371063596316e-13,2.389204464570585107e-02,2.460761870286845912e-02,3.867299781037264461e-01,4.053067687520047202e-01,1.680173432303338821e+00,1.757976313951230551e+00,1.472046368122100830e+02,4.100000000000000000e+01
1.941830315299603704e+00,2.002504904821324594e+00,1.941830315300495879e+00,2.002504904822216769e+00,3.096367738836879000e-09,3.220327168570299573e-09,7.518618340053651386e-04,7.820038045482265165e-04,1.941078450011266776e+00,2.001722897434287329e+00,3.579637945605132769e-10,3.621619225499439775e-10,0.000000000000000000e+00,0.000000000000000000e+00,8.921952619846128273e-13,8.921952619846128273e-13,1.699871237628827053e-02,1.902851821395265194e-02,2.993692568254059383e-01,3.275935119329533296e-01,1.443939575502379391e+00,1.524578192637951357e+00,1.805478734970092773e+02,5.100000000000000000e+01
1.817778380430215668e+00,1.782770516329950983e+00,1.817778380431106067e+00,1.782770516330841382e+00,2.101429374055523169e-09,2.119012167036199928e-09,6.447517362041764455e-04,6.929454161315358462e-04,1.817133626336049357e+00,1.782077568482738572e+00,2.565328258943207052e-10,3.120689114993993213e-10,0.000000000000000000e+00,0.000000000000000000e+00,8.903168172396475351e-13,8.903168172396475351e-13,1.362409406437161200e-02,1.458999044488173621e-02,2.448490406061431812e-01,2.668833420293763026e-01,1.220936891504729616e+00,1.325858873764104384e+00,2.126166181564331055e+02,6.100000000000000000e+01
1.645448429143679059e+00,1.638828623076629798e+00,1.645448429144567903e+00,1.638828623077518643e+00,3.347880413691473839e-08,2.925626662204580229e-08,5.855783073715091144e-04,6.317400492012288041e-04,1.644862817082349382e+00,1.638196853482119186e+00,2.751540410430749402e-10,2.890427039423243420e-10,0.000000000000000000e+00,0.000000000000000000e+00,8.889195441974269128e-13,8.889195441974269128e-13,1.036395597285308390e-02,1.179756299745219478e-02,2.035010751874115065e-01,2.278657274272861688e-01,1.092348841117604108e+00,1.190856234724807061e+00,2.459677581787109375e+02,7.100000000000000000e+01
1.500843692071651692e+00,1.525256596010665211e+00,1.500843692072539204e+00,1.525256596011552723e+00,9.089791761162060177e-08,9.082881966450713179e-08,5.767804098269495479e-04,5.921004935870045199e-04,1.500266820487287323e+00,1.524664404396725681e+00,2.766198543938353753e-10,2.915327904720284406e-10,0.000000000000000000e+00,0.000000000000000000e+00,8.875228186327731492e-13,8.875228186327731492e-13,1.144695158638113670e-02,1.226488656811333330e-02,1.956081350204811053e-01,2.089872276196919065e-01,1.063388475629175156e+00,1.105042023757565328e+00,2.792968416213989258e+02,8.100000000000000000e+01
1.319324840988741254e+00,1.437646499343940842e+00,1.319324840989627656e+00,1.437646499344827244e+00,1.380709658177915102e-09,1.492531629248842907e-09,4.809700111238828456e-04,5.514479310739480236e-04,1.318843869387267276e+00,1.437095049686970105e+00,2.096406321734080133e-10,2.333650036150739084e-10,0.000000000000000000e+00,0.000000000000000000e+00,8.864796438395718579e-13,8.864796438395718579e-13,7.482540764595092299e-03,9.309115341493760104e-03,1.499312068590509806e-01,1.828081338872109274e-01,8.678370146548404218e-01,1.016708067459346498e+00,3.135787851810455322e+02,9.100000000000000000e+01
1.183056891816407788e-04,1.141499416520425628e-04,1.183056906998712935e-04,1.141499431702730776e-04,2.486540296145601546e-05,2.362207199639065924e-05,3.943341346164780625e-05,3.766267287264332502e-05,5.400550706865345256e-05,5.286387111490205336e-05,1.365689883509972959e-09,1.325668106525010825e-09,0.000000000000000000e+00,0.000000000000000000e+00,1.518230511045156291e-12,1.518230511045156291e-12,4.381766154499201066e-02,4.124584310283217758e-02,2.817619961701412629e-02,2.535830772872497973e-02,4.567247464230039800e-02,4.239559970122861593e-02,4.028546338081359863e+02,1.010000000000000000e+02
9.136571682178883330e-05,8.553143340607168368e-05,9.136571844952737242e-05,8.553143503381022280e-05,1.532343176358521065e-05,1.539726770407198901e-05,3.839480059645636317e-05,3.583818692338899001e-05,3.764674143152361708e-05,3.429501675188850090e-05,7.430302236574704977e-10,9.620267222012288412e-10,0.000000000000000000e+00,0.000000000000000000e+00,1.627738535747054894e-12,1.627738535747054894e-12,2.566186875700441489e-02,2.596057462053656326e-02,1.386612568679627087e-02,1.436665200999045003e-02,4.208430783440929995e-02,3.965870563026754891e-02,4.753136069774627686e+02,1.110000000000000000e+02
8.454714974796203881e-05,8.184385339815906067e-05,8.454715141098317292e-05,8.184385506118019478e-05,2.187691689800386397e-05,2.311761263714874021e-05,3.486756296353324972e-05,3.145247976189355257e-05,2.780192019331481973e-05,2.727292306317478750e-05,7.496931101151858536e-10,8.379359419917251958e-10,0.000000000000000000e+00,0.000000000000000000e+00,1.663021137046636126e-12,1.663021137046636126e-12,3.841650157171827562e-02,4.041553179662533274e-02,2.437512951791515059e-02,2.427016869674229749e-02,4.021015308721440085e-02,3.398879166044146277e-02,5.494321749210357666e+02,1.210000000000000000e+02
7.337236219697376304e-05,7.629578240428992991e-05,7.337236384299448510e-05,7.629578405031065198e-05,1.512465335800705812e-05,1.518225390153411511e-05,2.355423091025299714e-05,2.660327344096772000e-05,3.469299801889199508e-05,3.450969468231838793e-05,4.799098217105189043e-10,5.603794696952472226e-10,0.000000000000000000e+00,0.000000000000000000e+00,1.646020721903465232e-12,1.646020721903465232e-12,2.530217997864290733e-02,2.548534301961398810e-02,1.168019799933251064e-02,1.256322375818825013e-02,2.121699146441887243e-02,2.639684398649558977e-02,6.239883098602294922e+02,1.310000000000000000e+02
7.021443581691181755e-05,7.171212758259815285e-05,7.021443746119365552e-05,7.171212922687999081e-05,1.172511516800649478e-05,1.280399817004007786e-05,2.272352624861386481e-05,2.287464322505097604e-05,3.576519065686157585e-05,3.603283465024115039e-05,6.037434298815687292e-10,6.515372659386645236e-10,0.000000000000000000e+00,0.000000000000000000e+00,1.644281838887392305e-12,1.644281838887392305e-12,1.926779096311288797e-02,2.136093793102170763e-02,8.372617272895246932e-03,1.016898654569937076e-02,2.189130667561260679e-02,2.253377320192110483e-02,6.981321768760681152e+02,1.410000000000000000e+02
4.878817659075792749e-05,4.949914137355521164e-05,4.878817825044939541e-05,4.949914303324667956e-05,9.473557729235647634e-06,1.020776213015194879e-05,1.677343475533938849e-05,1.625758625884835931e-05,2.254068984134887076e-05,2.303330562477555295e-05,4.942648340227727926e-10,4.873597793479622806e-10,0.000000000000000000e+00,0.000000000000000000e+00,1.659691468630196347e-12,1.659691468630196347e-12,1.556411767370870225e-02,1.701770243645813613e-02,6.511147667039737796e-03,7.781119751392060087e-03,1.530799398507878134e-02,1.503787134111930074e-02,7.717080180644989014e+02,1.510000000000000000e+02
3.519646174687096331e-05,3.481199777526472982e-05,3.519646340429287759e-05,3.481199943268664410e-05,6.503393815575174730e-06,6.629402171108697983e-06,1.288599772637006485e-05,1.282590740991669842e-05,1.580668399243728516e-05,1.535628247106577072e-05,3.862124884443514391e-10,4.057231735652014089e-10,0.000000000000000000e+00,0.000000000000000000e+00,1.657421917482633000e-12,1.657421917482633000e-12,1.107362736047114160e-02,1.138097212988625935e-02,6.141962729408543924e-03,6.666247899756558466e-03,1.374990313483819698e-02,1.432234980535616702e-02,8.415053579807281494e+02,1.610000000000000000e+02
2.432780108509725024e-05,2.588555924730755179e-05,2.432780269790995752e-05,2.588556086012025906e-05,4.200288349894292541e-06,4.671765430726740779e-06,5.985488040327751287e-06,6.987456845394790687e-06,1.414170901958793007e-05,1.422598633136316231e-05,3.156752872730971583e-10,3.506398228566042583e-10,0.000000000000000000e+00,0.000000000000000000e+00,1.612812706192868616e-12,1.612812706192868616e-12,7.303853405966124340e-03,8.222317556043162723e-03,4.299277232730972301e-03,5.227269402851346565e-03,6.347504809787365976e-03,8.042950835270300941e-03,9.094839134216308594e+02,1.710000000000000000e+02
4.788553489346302492e-05,5.203543203265775585e-05,4.788553651163813515e-05,5.203543365083286608e-05,1.956675837684755239e-05,2.134660104451720157e-05,1.997777392861988904e-05,2.126790833006194146e-05,8.340276017407473815e-06,9.420124182233118368e-06,7.265705881040219508e-10,7.984758454929779484e-10,0.000000000000000000e+00,0.000000000000000000e+00,1.618175113615441427e-12,1.618175113615441427e-12,3.847781035434758717e-02,4.196913993035380347e-02,3.660381710871758038e-02,3.981369388399803866e-02,3.700021656224405930e-02,3.964952271518706189e-02,9.772514150142669678e+02,1.810000000000000000e+02
1.199325420687953542e-05,1.379730955149813800e-05,1.199325579031065182e-05,1.379731113492925440e-05,2.136445252212654217e-06,2.280298906214964316e-06,3.118390454501405778e-06,3.618063129399426547e-06,6.738163736610508188e-06,7.898668454265689239e-06,2.547635549663356342e-10,2.790616180578018890e-10,0.000000000000000000e+00,0.000000000000000000e+00,1.583431115557002348e-12,1.583431115557002348e-12,4.010629376549633418e-03,4.271375708584182647e-03,3.364324976838722024e-03,3.589946870546601061e-03,4.487580190232610608e-03,5.225071654096411986e-03,1.047286248922348022e+03,1.910000000000000000e+02
2.070584795604667313e-05,1.862339970798486147e-05,2.070584952651113473e-05,1.862340127844932307e-05,5.541717171290802878e-06,4.881402752915199829e-06,5.765976087774908634e-06,6.095858041791683679e-06,9.397702288664978117e-06,7.645708277813297081e-06,4.524083159824417234e-10,4.306354646840682247e-10,0.000000000000000000e+00,0.000000000000000000e+00,1.570464462746201046e-12,1.570464462746201046e-12,1.069416070793876433e-02,9.502404448014145633e-03,9.532171782122780476e-03,8.888698928035161304e-03,9.635559143736092610e-03,1.034314223884147226e-02,1.115092021226882935e+03,2.010000000000000000e+02
3.034846385312981045e-05,2.377506385062945344e-05,3.034846541156523529e-05,2.377506540906487828e-05,7.737564290646664015e-06,6.555775323198890469e-06,9.265789041991080884e-06,8.235371471061608432e-06,1.334461739889429559e-05,8.983444452055310545e-06,4.931215977677237071e-10,4.726043136438456492e-10,0.000000000000000000e+00,0.000000000000000000e+00,1.558435425768364513e-12,1.558435425768364513e-12,1.512395098775324610e-02,1.287874030531169917e-02,1.427661366905222037e-02,1.242281536454568382e-02,1.603160240725982899e-02,1.455299409995779343e-02,1.183177934408187866e+03,2.110000000000000000e+02
1.603523245938867072e-05,1.663285115423370240e-05,1.603523401880749066e-05,1.663285271365252233e-05,4.435759399086365756e-06,3.793958585701029900e-06,4.962288238901710421e-06,5.043100030394263712e-06,6.636846482858297193e-06,7.795419518405072130e-06,3.383385422963652069e-10,3.730197333370478616e-10,0.000000000000000000e+00,0.000000000000000000e+00,1.559418821103082827e-12,1.559418821103082827e-12,8.612663781481229991e-03,7.338945371179946518e-03,7.910885049927077542e-03,6.760007320183671412e-03,8.552798521641417906e-03,8.233150869927735593e-03,1.249269180297851562e+03,2.210000000000000000e+02
1.527198535449275600e-05,1.250601607744917646e-05,1.527198690309875990e-05,1.250601762605517867e-05,1.765228949506632995e-06,1.777499075833692451e-06,2.727069830659238271e-06,2.663374649981235189e-06,1.077941143317762021e-05,8.064869543637602161e-06,2.751411492630478326e-10,2.728079966463731148e-10,0.000000000000000000e+00,0.000000000000000000e+00,1.548606003004520030e-12,1.548606003004520030e-12,3.179122634775375430e-03,3.276657604290853995e-03,2.262879492803317009e-03,2.552845074649085725e-03,3.311424712445819665e-03,3.574941818771319290e-03,1.319378954410552979e+03,2.310000000000000000e+02
8.615438261601769803e-06,1.076588179254387280e-05,8.615439821150787169e-06,1.076588335209289017e-05,1.558166466623303886e-06,1.395660433636286466e-06,1.674963468145620308e-06,2.004390925174500471e-06,5.382093627800482944e-06,7.365620299526113645e-06,2.146990323637611039e-10,2.101342069733772770e-10,0.000000000000000000e+00,0.000000000000000000e+00,1.559549016557771239e-12,1.559549016557771239e-12,2.787500506465636838e-03,2.481223648919804892e-03,1.834900488368082505e-03,1.628210277742667784e-03,1.990395261881685446e-03,2.272695670010925571e-03,1.389312896251678467e+03,2.410000000000000000e+02
1.282830754117786061e-05,1.229359336993819349e-05,1.282830910564665201e-05,1.229359493440698489e-05,1.936734038218894955e-06,2.005663994781741699e-06,2.447938524375397254e-06,2.507836022619082363e-06,8.443376777786891339e-06,7.779814852574802188e-06,2.582007966775842409e-10,2.784999625676937299e-10,0.000000000000000000e+00,0.000000000000000000e+00,1.564468791855242446e-12,1.564468791855242446e-12,3.575673966787274068e-03,3.706724084543509563e-03,2.767507131617321422e-03,2.854455359813661604e-03,3.341340592829403558e-03,3.375757420595239689e-03,1.457097644567489624e+03,2.510000000000000000e+02
1.083762177499161788e-05,1.097364141548083969e-05,1.083762335162798335e-05,1.097364299211720517e-05,1.532799623394651467e-06,1.512131756524899004e-06,2.187172221190880489e-06,2.276234589327082532e-06,7.117421176460073126e-06,7.185062959295933862e-06,2.287539460137019900e-10,2.121103329234848465e-10,0.000000000000000000e+00,0.000000000000000000e+00,1.576636365354930636e-12,1.576636365354930636e-12,2.776173563024269837e-03,2.766347374759076799e-03,1.994493766629032785e-03,2.096066470393244049e-03,2.703985027073392035e-03,2.951750601987653249e-03,1.525184362888336182e+03,2.610000000000000000e+02
1.560635267941219012e-05,1.538334261722402885e-05,1.560635428161596220e-05,1.538334421942780093e-05,4.645119190752749869e-06,4.064419503673008882e-06,5.665957268544160267e-06,5.053618189735755695e-06,5.294858929780658916e-06,6.264799137305185416e-06,4.172903346199272658e-10,5.057865100801080291e-10,0.000000000000000000e+00,0.000000000000000000e+00,1.602203773426687467e-12,1.602203773426687467e-12,9.105054275416118309e-03,7.904542717802907903e-03,8.701789125011462692e-03,7.368622580995531218e-03,9.924878641844204347e-03,8.553507273550824477e-03,1.593297424793243408e+03,2.710000000000000000e+02
1.023830391941858357e-05,1.220698716995649810e-05,1.023830553089294153e-05,1.220698878143085605e-05,2.196256408346886561e-06,2.246744335814710609e-06,3.007723404534226011e-06,3.282850031856983094e-06,5.034048940483667323e-06,6.677071794998052096e-06,2.751660538038474058e-10,3.210072867517723031e-10,0.000000000000000000e+00,0.000000000000000000e+00,1.611474358504493976e-12,1.611474358504493976e-12,4.259134387961742083e-03,4.283632203129876526e-03,3.960550348840677012e-03,3.794736199047950807e-03,4.895208927945485927e-03,5.048647876146409620e-03,1.659601889610290527e+03,2.810000000000000000e+02
3.663992664676998340e-05,3.951264637307244724e-05,3.663992828449727035e-05,3.951264801079973419e-05,1.244564277271927375e-05,1.329028696086624764e-05,1.675421262137845641e-05,1.753418895892431851e-05,7.439441110755115182e-06,8.687532325470794135e-06,6.301419171397004621e-10,6.381278110903597180e-10,0.000000000000000000e+00,0.000000000000000000e+00,1.637727286889682657e-12,1.637727286889682657e-12,2.508364156449619659e-02,2.673847582598281800e-02,2.616708319912937342e-02,2.777210585753111735e-02,3.158943786271205256e-02,3.329425455460575944e-02,1.727565375328063965e+03,2.910000000000000000e+02
1.883858980765779341e-05,1.708831495094734765e-05,1.883859145233864827e-05,1.708831659562820251e-05,4.935550140887203265e-06,4.501501502941819915e-06,5.503114899392492865e-06,5.405833703352138648e-06,8.399372890559815211e-06,7.180496466940172479e-06,5.518768182836459932e-10,4.832777132190343004e-10,0.000000000000000000e+00,0.000000000000000000e+00,1.644680855962660260e-12,1.644680855962660260e-12,9.517443444124487617e-03,8.751077485837985628e-03,8.617138195563638081e-03,8.123347437611205465e-03,9.288426388465623185e-03,9.242162188001876166e-03,1.795397031068801880e+03,3.010000000000000000e+02
9.189207176022136175e-06,8.042842846741535934e-06,9.189208840109374746e-06,8.042844510828774506e-06,7.776638397094503315e-07,7.693028523125896303e-07,1.642928515186162352e-06,1.598058613254345256e-06,6.768431998057225223e-06,5.675291455382134391e-06,1.828230692995598426e-10,1.899257924664633657e-10,0.000000000000000000e+00,0.000000000000000000e+00,1.664087238634696164e-12,1.664087238634696164e-12,1.300201550822197277e-03,1.309919580641252627e-03,6.575609599554577481e-04,7.374566630347282985e-04,1.642986067604147032e-03,1.710472926302962710e-03,1.865425221920013428e+03,3.110000000000000000e+02
8.741775757053631517e-06,8.421508270359051655e-06,8.741777436515473534e-06,8.421509949820893672e-06,9.821091831518605653e-07,1.018811478432516004e-06,1.644053299207954169e-06,1.634102557060106953e-06,6.115413003712675502e-06,5.768391441814458904e-06,2.002709811402739744e-10,2.027930519710567008e-10,0.000000000000000000e+00,0.000000000000000000e+00,1.679461842562689313e-12,1.679461842562689313e-12,1.707736436980888169e-03,1.771494409570770288e-03,1.029877530834987518e-03,1.067675539914710731e-03,1.830915637088389872e-03,1.748117685696916118e-03,1.933514148712158203e+03,3.210000000000000000e+02
1.649643651147141463e-05,1.498108679514386609e-05,1.649643822358398644e-05,1.498108850725643959e-05,4.628006139291508848e-06,4.015993805070942016e-06,5.100209029662686740e-06,5.166077661368830901e-06,6.767865045203585399e-06,5.798651207328882344e-06,3.562973136351794747e-10,3.641213752112946577e-10,0.000000000000000000e+00,0.000000000000000000e+00,1.712112573002135399e-12,1.712112573002135399e-12,8.981999229423160216e-03,7.826539095507440910e-03,8.280602134613773008e-03,7.356836121062677522e-03,8.816852920150483608e-03,8.723051495998316099e-03,1.999656931400299072e+03,3.310000000000000000e+02
7.427441861724010249e-06,7.398286094692896371e-06,7.427443593993106617e-06,7.398287826961992740e-06,9.281667682490380704e-07,1.034534511939222893e-06,1.792642058465487477e-06,1.701075400684490315e-06,4.706451940020250338e-06,4.662441625337649505e-06,1.810949892339885568e-10,2.345567315340890363e-10,0.000000000000000000e+00,0.000000000000000000e+00,1.732269096212484706e-12,1.732269096212484706e-12,1.635320881050758611e-03,1.829770097813016895e-03,1.083005634107725912e-03,1.197036247852099585e-03,2.084989748306266544e-03,1.968646142237315787e-03,2.070039968729019165e+03,3.410000000000000000e+02
8.103232853744283528e-05,7.572495513009678083e-05,8.103233028879253802e-05,7.572495688144648357e-05,3.934967710127101941e-05,3.650099777579502352e-05,3.024287961790416259e-05,2.857139849542869681e-05,1.143870926916885508e-05,1.065151085656378089e-05,1.062549098809450875e-09,1.048002309278227480e-09,0.000000000000000000e+00,0.000000000000000000e+00,1.751349701612787153e-12,1.751349701612787153e-12,7.709458589473891510e-02,7.166259280802886322e-02,7.096179656507431432e-02,6.655758772788242239e-02,5.916671947710879648e-02,5.597029597486054969e-02,2.137914273500442505e+03,3.510000000000000000e+02
7.834989278552326273e-06,7.455305539819902783e-06,7.834991057362157842e-06,7.455307318629733505e-06,1.459288856026565460e-06,1.426465676552692200e-06,1.627888816829442184e-06,1.857076213043911436e-06,4.747578268499143409e-06,4.171469951949691380e-06,2.333371971769271052e-10,2.936982736070734440e-10,0.000000000000000000e+00,0.000000000000000000e+00,1.778809830964999397e-12,1.778809830964999397e-12,2.629850338202386652e-03,2.587180829234913930e-03,1.796530968683018306e-03,1.860624687339154952e-03,1.920092880139564724e-03,2.335655973201403862e-03,2.206085528850555420e+03,3.610000000000000000e+02
1.317999523211126506e-05,1.095997392200067863e-05,1.317999701816594053e-05,1.095997570805535410e-05,2.732874673050534459e-06,2.879700839172266501e-06,3.830657821716859026e-06,3.406966085203457585e-06,6.616146936700451425e-06,4.672978690184535841e-06,3.158006434208664718e-10,3.283074404167808425e-10,0.000000000000000000e+00,0.000000000000000000e+00,1.786054675597970118e-12,1.786054675597970118e-12,5.301306036039291764e-03,5.519115285737684166e-03,4.969178377773241818e-03,4.852488091940119000e-03,6.350759458589365358e-03,5.411171337454253986e-03,2.274039185523986816e+03,3.710000000000000000e+02
9.500494258264499651e-06,9.605109766526023353e-06,9.500496079235235233e-06,9.605111587496758936e-06,2.350939390965417836e-06,2.482663693467598477e-06,3.570496720964842859e-06,3.220354658297082582e-06,3.578800498776945045e-06,3.901836868797538243e-06,2.576475572946196478e-10,2.545459638027930971e-10,0.000000000000000000e+00,0.000000000000000000e+00,1.820970735917814409e-12,1.820970735917814409e-12,4.547265964986755421e-03,4.751220589637535421e-03,4.261814606785572362e-03,4.202986066910183692e-03,5.766325042776173325e-03,5.082997623381453785e-03,2.339930661439895630e+03,3.810000000000000000e+02
7.443416513925870367e-06,7.607510118585910554e-06,7.443418357250212850e-06,7.607511961910253037e-06,1.726999384211582724e-06,1.939588073028787967e-06,2.030485599179354822e-06,2.023749060441985476e-06,3.685686809882476230e-06,3.643927798943371297e-06,2.447206524569812520e-10,2.451861717650115289e-10,0.000000000000000000e+00,0.000000000000000000e+00,1.843324342897506518e-12,1.843324342897506518e-12,3.185443536328845526e-03,3.571353904396476313e-03,2.416966855927210611e-03,2.663929466444169957e-03,2.664824628474553748e-03,2.664369099696825647e-03,2.407867947578430176e+03,3.910000000000000000e+02
8.684104311634830516e-06,7.688405296333817053e-06,8.684106172884127427e-06,7.688407157583113964e-06,1.638571458472470831e-06,1.568793809932704408e-06,3.027484327032491153e-06,2.697901555105204735e-06,4.017796920905791347e-06,3.421441989655985651e-06,2.516052240770607727e-10,2.679416399228651212e-10,0.000000000000000000e+00,0.000000000000000000e+00,1.861249296252211020e-12,1.861249296252211020e-12,3.086567520310271560e-03,2.977514124206156760e-03,2.703275044226308588e-03,2.653854331177249015e-03,4.410873078603844838e-03,4.014254652782242409e-03,2.475861287593841553e+03,4.010000000000000000e+02
1.587654016578291706e-05,1.472077763192682134e-05,1.587654203410320097e-05,1.472077950024710525e-05,6.079394185937302260e-06,5.142413398472550992e-06,5.343456268385220347e-06,4.885619667772984215e-06,4.453282485783397147e-06,4.692325026844976239e-06,4.072256769985629848e-10,4.195388363109211718e-10,0.000000000000000000e+00,0.000000000000000000e+00,1.868320284228032585e-12,1.868320284228032585e-12,1.172018265983142994e-02,9.946113963318431450e-03,1.034555174434389352e-02,8.895108506233881732e-03,9.324903587630406845e-03,8.448513785632638315e-03,2.543652174234390259e+03,4.110000000000000000e+02
5.620357372162707789e-06,5.812982849254004867e-06,5.620359267182029238e-06,5.812984744273326316e-06,8.591839710391641035e-07,8.525666525174680399e-07,1.545564174492417658e-06,1.562567882218745030e-06,3.215429593434322331e-06,3.397636213424557745e-06,1.796331968033384636e-10,2.121010932338153445e-10,0.000000000000000000e+00,0.000000000000000000e+00,1.895019321738005329e-12,1.895019321738005329e-12,1.506783269169792612e-03,1.495058896841969676e-03,9.568762634432284456e-04,9.529620622805358866e-04,1.849177486656709314e-03,1.771405973337197284e-03,2.616501495361328125e+03,4.210000000000000000e+02
1.007862542058966859e-05,8.505959083954127005e-06,1.007862734883746406e-05,8.505961012201922476e-06,2.985228013006219018e-06,2.503864422562952684e-06,2.972338071801064088e-06,2.899020738278552454e-06,4.120760586224401438e-06,3.102777456237083811e-06,2.987495579841753555e-10,2.964668755368434719e-10,0.000000000000000000e+00,0.000000000000000000e+00,1.928247794757274681e-12,1.928247794757274681e-12,5.665812242089754598e-03,4.770952286995433674e-03,4.755785437938635229e-03,4.103333340901062394e-03,4.673158000504567915e-03,4.529403713535422142e-03,2.691316154956817627e+03,4.310000000000000000e+02
4.831969550078677864e-06,5.211231464096953901e-06,4.831971492231799031e-06,5.211233406250075068e-06,7.921264192863170612e-07,7.980297453206193690e-07,1.366278787766558011e-06,1.460068621885656377e-06,2.673337475362283172e-06,2.952908484972934227e-06,2.268676635195148315e-10,2.246119177440159015e-10,0.000000000000000000e+00,0.000000000000000000e+00,1.942153120915653903e-12,1.942153120915653903e-12,1.370258502080484676e-03,1.377028431525032697e-03,8.458348196115687790e-04,8.137124624037113136e-04,1.546693160966144953e-03,1.594439368284996262e-03,2.766477781057357788e+03,4.410000000000000000e+02
6.279627855395871771e-06,5.475052946175355818e-06,6.279629838870191686e-06,5.475054929649675733e-06,1.234377301999434208e-06,1.179462645001200048e-06,1.740620522265149284e-06,1.568191405495191690e-06,3.304421568693997773e-06,2.727169260363535738e-06,2.084624372908850429e-10,2.296353154275644481e-10,0.000000000000000000e+00,0.000000000000000000e+00,1.983474319923506451e-12,1.983474319923506451e-12,2.196480081664660931e-03,2.116138609846075162e-03,1.450390037333095135e-03,1.442083127989512688e-03,2.074277233231418792e-03,1.860237075334250385e-03,2.840686965465545654e+03,4.510000000000000000e+02
4.015970405820654933e-06,4.317698342639973511e-06,4.015972432136103916e-06,4.317700368955422494e-06,5.580790726418987203e-07,5.991635781748620462e-07,1.188811258521925952e-06,1.287473743857420853e-06,2.268896221338660869e-06,2.430861834077543040e-06,1.838533181698922540e-10,1.991865301473168211e-10,0.000000000000000000e+00,0.000000000000000000e+00,2.026315448946217936e-12,2.026315448946217936e-12,9.153370447199855355e-04,9.898444027355648728e-04,4.199552099930511191e-04,4.583834912146463026e-04,1.169588401737970632e-03,1.284298439776375379e-03,2.917432104349136353e+03,4.610000000000000000e+02
3.806606853940217461e-06,4.300783364006208515e-06,3.806608932965975333e-06,4.300785443031966388e-06,7.432840742320336422e-07,6.792333414091229728e-07,1.145047859465739705e-06,1.291262534240146616e-06,1.918102423362909895e-06,2.330101464769098032e-06,1.724968795342590911e-10,1.860235878403085671e-10,0.000000000000000000e+00,0.000000000000000000e+00,2.079025757786915363e-12,2.079025757786915363e-12,1.259181062431727165e-03,1.144786470677594623e-03,6.367933327060955025e-04,5.957772191024711091e-04,1.100453005175625271e-03,1.311831541404836392e-03,2.994133612394332886e+03,4.710000000000000000e+02
8.662611412191040841e-06,9.331218910531585917e-06,8.662613563751480052e-06,9.331221062092025128e-06,2.708837430262998909e-06,2.908827628042730542e-06,3.408998043913271017e-06,3.787516349846277461e-06,2.544528510651626499e-06,2.634536724656207601e-06,2.474273631433532453e-10,3.382079863704129533e-10,0.000000000000000000e+00,0.000000000000000000e+00,2.151560439731781783e-12,2.151560439731781783e-12,5.199854955975784926e-03,5.605103898940628701e-03,4.668238535599032908e-03,5.086451553387635709e-03,5.579177486842452904e-03,6.148421107437185285e-03,3.068085224628448486e+03,4.810000000000000000e+02
6.958845072228057054e-06,7.004763798985110764e-06,6.958847322563256270e-06,7.004766049320309980e-06,1.969678935479055042e-06,2.051416548883412013e-06,2.490829841325288686e-06,2.811510079652856497e-06,2.498096684803275752e-06,2.141555547984932625e-06,2.396106204372842579e-10,2.816224639093665245e-10,0.000000000000000000e+00,0.000000000000000000e+00,2.250335199310357488e-12,2.250335199310357488e-12,3.729014413681878796e-03,3.914705398999373566e-03,3.257465431393307548e-03,3.464314284067852162e-03,3.879728066442852778e-03,4.354691015539195742e-03,3.140180573940277100e+03,4.910000000000000000e+02
4.545181652332879770e-06,4.856888201812714463e-06,4.545184011651970403e-06,4.856890561131805096e-06,1.043115460130923323e-06,1.080066257581651103e-06,1.434654863943653847e-06,1.650565098159018519e-06,2.067245601177007879e-06,2.126079543911146009e-06,1.657270812946306650e-10,1.773021608986118500e-10,0.000000000000000000e+00,0.000000000000000000e+00,2.359319090589965052e-12,2.359319090589965052e-12,1.887867725044109057e-03,1.964220221192456740e-03,1.360611661426614286e-03,1.453320959099696713e-03,1.784994644746020279e-03,2.102151143203087862e-03,3.213766891241073608e+03,5.010000000000000000e+02
3.388563051365599279e-06,3.561438709787980380e-06,3.388565565649993993e-06,3.561441224072375094e-06,6.225161388462943989e-07,6.124297674775115821e-07,1.077105969240970686e-06,1.089772664006664110e-06,1.688809076303085253e-06,1.859095394980501132e-06,1.318669752493248490e-10,1.408833233037263693e-10,0.000000000000000000e+00,0.000000000000000000e+00,2.514284394700903465e-12,2.514284394700903465e-12,1.044195247237962674e-03,1.040873090637919798e-03,4.965951884614216646e-04,5.523867701724318856e-04,1.043360362669262797e-03,1.098505702205786845e-03,3.289876288890838623e+03,5.110000000000000000e+02
5.045744828660717265e-06,4.385553391487887594e-06,5.045747523790807267e-06,4.385556086617977596e-06,1.081914266984642603e-06,1.063466112485567101e-06,1.483628648481340048e-06,1.552642477885616354e-06,2.479918309385397444e-06,1.769166894440745245e-06,2.836038093370827203e-10,2.779066759587176842e-10,0.000000000000000000e+00,0.000000000000000000e+00,2.695130089688334278e-12,2.695130089688334278e-12,1.990537620390526400e-03,1.959956993754206206e-03,1.532117165216564762e-03,1.534925907868457196e-03,2.076460804602077263e-03,2.117642370925081324e-03,3.364105440378189087e+03,5.210000000000000000e+02
3.014627135429167638e-06,2.944343012187813972e-06,3.014630044188018064e-06,2.944345920946664398e-06,4.731083415348669979e-07,4.623009962233155418e-07,8.534879194102633426e-07,9.104341713680790902e-07,1.687874699428746040e-06,1.571434208182065604e-06,1.561750552913878309e-10,1.736364143539097602e-10,0.000000000000000000e+00,0.000000000000000000e+00,2.908758850291251142e-12,2.908758850291251142e-12,8.029871189328583684e-04,7.904904886050092378e-04,4.388214309368793260e-04,4.482465549677072778e-04,9.046812459861028593e-04,9.812699682439200450e-04,3.439857828378677368e+03,5.310000000000000000e+02
2.224105436619795014e-06,2.345940242175179469e-06,2.224108606207451605e-06,2.345943411762836059e-06,3.292662781219712433e-07,3.387812796888321281e-07,5.704740884329928715e-07,6.397088491101724199e-07,1.324244435724589146e-06,1.367289542727191115e-06,1.206343402418786738e-10,1.605706489836604696e-10,0.000000000000000000e+00,0.000000000000000000e+00,3.169587656423743156e-12,3.169587656423743156e-12,5.718320417850520721e-04,5.855682968283599209e-04,3.401314189491387542e-04,3.517953675276105203e-04,6.397277754683482632e-04,7.184708365673449356e-04,3.515257693052291870e+03,5.410000000000000000e+02
9.719896163302513637e-07,1.004610187296884291e-06,9.719930488018714295e-07,1.004613619768504357e-06,1.697940094895189728e-07,1.900867718323617442e-07,2.637735260130755065e-07,2.920349679088895070e-07,5.383206939320735644e-07,5.223424399562229692e-07,1.013868955834387225e-10,1.460075994102044866e-10,0.000000000000000000e+00,0.000000000000000000e+00,3.432471620055812982e-12,3.432471620055812982e-12,3.302708330331169547e-04,3.643347220615123189e-04,3.360388498836849500e-04,3.362521689526394141e-04,4.335947099835889382e-04,4.716295866142670296e-04,3.589294130802154541e+03,5.510000000000000000e+02
7.148597081701471970e-07,7.247540726500073421e-07,7.148632285184925245e-07,7.247575929983526696e-07,2.021020270142334729e-07,1.767625799417149129e-07,2.218593724341395119e-07,2.291893953259298659e-07,2.907933015304805704e-07,3.186948867169170855e-07,1.050071912935726113e-10,1.072106654454061412e-10,0.000000000000000000e+00,0.000000000000000000e+00,3.520348345356591638e-12,3.520348345356591638e-12,3.820504886866601382e-04,3.405298471282718325e-04,3.259303254005621727e-04,3.126867040646306604e-04,3.673373122689606047e-04,3.691642848907549261e-04,3.664742242574691772e+03,5.610000000000000000e+02
